{
	"map" : "2020-Vinter.jpg",
	"mail" : "janchrister.nilsson@gmail.com",
	"ABC" : [59.285624,18.150709, 59.283048,18.179902, 59.269496,18.168739],
	"drawControls": true,
	"radius" : 110,
	"scale" : 0.25,
	"controls": {
		"1": [604,6069],
		"2": [1415,6153],
		"3": [918,5525],
		"4": [2157,5841],
		"5": [1872,5261],
		"6": [1430,4485],
		"7": [2460,4629],
		"8": [1828,4044],
		"9": [1130,3042],
		"10": [1371,2479],
		"11": [1088,1656],
		"12": [1669,1684],
		"13": [2461,2092],
		"14": [3503,1675],
		"15": [3965,2167],
		"16": [4064,2716],
		"17": [3539,3097],
		"18": [2724,3108],
		"19": [3282,3697],
		"20": [2676,4189],
		"A": [338,1491], "B": [4299,1948], "C": [2963,5596]
	}
}
