{
	"map" : "18A.png",
	"mail" : "janchrister.nilsson@gmail.com",
	"ABC" : [59.287778,	18.160586, 59.283100, 18.180054, 59.269495, 18.168735],
	"drawControls": true,
	"radius" : 30,
	"scale" : 1,
	"controls": {
		"1-33": [117,999],
		"2-34": [304,877],
		"3-35": [652,924],
		"4-37": [616,436],
		"5-38": [1172,477],
		"6-39": [1017,759],
		"7-40": [1126,1035],
		"8-41": [976,1526],
		"9-44": [738,1673],
		"10-45": [404,1842],
		"A": [667,189], "B": [1562,542], "C": [1110,1767]
	}
}
