{
	"map" : "18B.png",
	"mail" : "janchrister.nilsson@gmail.com",
	"ABC" : [59.270492,18.147726, 59.279165,18.149315, 59.269501,18.168722],
	"drawControls": true,
	"radius" : 40,
	"scale" : 1,
	"controls": {
		"33": [695,375],
		"34": [951,220],
		"36": [1413,276],
		"40": [2043,426],
		"41": [1842,1075],
		"44": [1528,1273],
		"45": [1081,1500],
		"A": [755,1334], "B": [811,328], "C": [2025,1402]
	}
}
