{
	"map" : "18C.png",
	"mail" : "janchrister.nilsson@gmail.com",
	"ABC" : [59.270492,18.147726, 59.279165,18.149315, 59.269501,18.168722],
	"drawControls": true,
	"radius" : 40,
	"scale" : 1,
	"controls": {
		"31": [703,815],
		"32": [536,612],
		"33": [432,314],
		"35": [842,560],
		"43": [1053,641],
		"42": [1205,700],
		"44": [1263,1211],
		"45": [815,1437],
		"A": [491,1271], "B": [545,267], "C": [1760,1340]
	}
}
