{
	"map" : "19A.png",
	"mail" : "janchrister.nilsson@gmail.com",
	"ABC" : [59.269496,18.168730, 59.283048,18.179902, 59.270496,18.147732],
	"drawControls": true,
	"radius" : 30,
	"scale" : 1,
	"controls": {
		"1-31": [413,1744],
		"2-32": [750,1459],
		"3-33": [644,1176],
		"4-34": [691,1024],
		"5-35": [1259,525],
		"6-36": [1416,678],
		"7-37": [1240,1034],
		"8-38": [1072,1216],
		"9-47": [1125,1445],
		"10-39": [950,1698],
		"11-41": [510,1511],
		"M": [200,1636],
		"A": [1132,1666], "B": [1575,450], "C": [185,1626]
	}
}
