{
	"map" : "19B.png",
	"mail" : "janchrister.nilsson@gmail.com",
	"ABC" : [59.277144,18.164806, 59.270494,18.147726, 59.269495,18.168736],
	"drawControls": true,
	"radius" : 40,
	"scale" : 1,
	"controls": {
		"1-31": [476,1785],
		"2-32": [924,1404],
		"3-33": [783,1027],
		"4-34": [845,826],
		"5-40": [1032,999],
		"6-38": [1355,1081],
		"7-47": [1424,1388],
		"8-39": [1192,1725],
		"9-41": [605,1473],
		"M": [190,1641],
		"A": [1160,809], "B": [170,1628], "C": [1433,1682]
	}
}
