{
	"map" : "solvik.png",
	"mail" : "janchrister.nilsson@gmail.com",
	"ABC" : [59.318222,17.953645, 59.317194,17.968417, 59.314280,17.961908],
	"drawControls": true,
	"radius" : 50,
	"scale" : 1,
	"controls": {
		"1": [293,50],
		"2": [513,483],
		"3": [838,287],
		"4": [412,895],
		"5": [1816,446],
		"A": [291,50], "B": [2014,278], "C": [1261,964]
	}
}
