{
	"map" : "20A.png",
	"mail" : "janchrister.nilsson@gmail.com",
	"ABC" : [59.285502,18.150540, 59.270065,18.150234, 59.269494,18.168738],
	"drawControls": true,
	"radius" : 50,
	"scale" : 1,
	"controls": {
		"1": [430,2051],
		"2": [805,2056],
		"3": [954,1908],
		"4": [1001,1448],
		"5": [647,1303],
		"6": [661,545],
		"7": [390,640],
		"8": [334,807],
		"9": [389,1312],
		"10": [649,1614],
		"11": [339,1855],
		"D": [1023, 1709],
		"E": [1152, 1698],
		"F": [834, 1674],
		"G": [777, 1699],
		"H": [824,1605],
		"V": [1123,1742],
		"W": [961,1778],
		"A": [189,571], "B": [241,1914], "C": [1067,1924]
	}
}
