{
	"map" : "21B.png",
	"mail" : "janchrister.nilsson@gmail.com",
	"ABC" : [59.269494,18.168736, 59.270494,18.147734, 59.283581,18.148257],
	"drawControls": true,
	"radius" : 38,
	"scale" : 1,
	"controls": {
		"A": [1535,1632], "B": [272,1578], "C": [236,46]
	}
}
