{
	"map" : "alviksskolan.png",
	"mail" : "janchrister.nilsson@gmail.com",
	"ABC" : [59.336126,17.972856,  59.335434,17.977964, 59.334601, 17.975166],
	"drawControls": true,
	"radius" : 25,
	"scale" : 1,
	"controls": {
		"1": [581,249],
		"2": [484,311],
		"3": [933,730],
		"4": [646,255],
		"5": [1022,388],
		"6": [467,588],
		"7": [496,167],
		"8": [874,612],
		"9": [1003,496],
		"10": [313,171],
		"A": [147,280], "B": [1448,363], "C": [848,891]
	}
}
