{
	"map" : "skarpnäck.png",
	"mail" : "janchrister.nilsson@gmail.com",
	"ABC" :	[59.269381,18.120732,	59.269657,18.134470, 59.265035,18.123698],
	"drawControls": true,
	"radius" : 30,
	"scale" : 1,
	"controls": {
		"1": [70,35],
		"2": [204,63],
		"3": [33,282],
		"4": [22,422],
		"5": [273,166],
		"6": [423,400],
		"7": [707,129],
		"8": [1011,219],
		"9": [1200,339],
		"10": [777,429],
		"11": [954,749],
		"A": [114,264], "B": [1159,224], "C": [340,913]
	}
}
